{
  "credit": "Made with Blockbench",
  "texture_size": [
    32,
    32
  ],
  "textures": {
    "0": "item/p/thingy",
    "particle": "item/p/thingy"
  },
  "elements": [
    {
      "from": [
        4,
        0,
        4
      ],
      "to": [
        12,
        8,
        12
      ],
      "rotation": {
        "angle": 0,
        "axis": "y",
        "origin": [
          4,
          4,
          4
        ]
      },
      "faces": {
        "north": {
          "uv": [
            4,
            4,
            8,
            8
          ],
          "texture": "#0"
        },
        "east": {
          "uv": [
            0,
            4,
            4,
            8
          ],
          "texture": "#0"
        },
        "south": {
          "uv": [
            12,
            4,
            16,
            8
          ],
          "texture": "#0"
        },
        "west": {
          "uv": [
            8,
            4,
            12,
            8
          ],
          "texture": "#0"
        },
        "up": {
          "uv": [
            8,
            4,
            4,
            0
          ],
          "texture": "#0"
        },
        "down": {
          "uv": [
            12,
            0,
            8,
            4
          ],
          "texture": "#0"
        }
      }
    },
    {
      "from": [
        6,
        8,
        6
      ],
      "to": [
        8,
        10,
        8
      ],
      "rotation": {
        "angle": 0,
        "axis": "y",
        "origin": [
          6,
          8,
          6
        ]
      },
      "faces": {
        "north": {
          "uv": [
            1,
            9,
            2,
            10
          ],
          "texture": "#0"
        },
        "east": {
          "uv": [
            0,
            9,
            1,
            10
          ],
          "texture": "#0"
        },
        "south": {
          "uv": [
            3,
            9,
            4,
            10
          ],
          "texture": "#0"
        },
        "west": {
          "uv": [
            2,
            9,
            3,
            10
          ],
          "texture": "#0"
        },
        "up": {
          "uv": [
            2,
            9,
            1,
            8
          ],
          "texture": "#0"
        },
        "down": {
          "uv": [
            3,
            8,
            2,
            9
          ],
          "texture": "#0"
        }
      }
    }
  ]
}