{
  "listed": false,
  "components": {
    "display_type": "fixed",
    "randoms": {
      "particle": 1
    },
    "flipbook_sprite": {
      "input": "particle.age",
      "sprites": [
        {
          "index": 0.0,
          "sprite": "ring.6"
        },
        {
          "index": 1.0,
          "sprite": "ring.5"
        },
        {
          "index": 2.0,
          "sprite": "ring.4"
        },
        {
          "index": 3.0,
          "sprite": "ring.2"
        },
        {
          "index": 4.0,
          "sprite": "ring.1"
        }
      ]
    },
    "expression_rotation": {
      "z": "particle_variable.random * Math.PI * 2 + particle.age * 0.02"
    },
    "emitter_rate_steady": {
      "spawn_rate": "emitter.age == emitter_variable.offset + 3 ? 20 : 0"
    },
    "expression_translation": {
      "z": 0.1
    },
    "expression_scale": {
      "x": 14,
      "y": 14,
      "z": 1
    },
    "particle_lifetime_expression": {
      "max_lifetime": 5
    }
  }
}
