{
  "listed": false,
  "macros": {
    "_$size_": 14,
    "_$sizefactor_": {
      "type": "hermite",
      "input": "particle.age",
      "x": [
        0.0,
        4.0
      ],
      "y": [
        1.0,
        0.0
      ]
    }
  },
  "components": {
    "display_type": "fixed",
    "randoms": {
      "particle": 1
    },
    "constant_sprite": {
      "sprite": "star_flash"
    },
    "expression_rotation": {
      "z": "Math.PI * 0.25 + Math.PI * 2 * particle_variable.random"
    },
    "emitter_rate_instant": {
      "amount": 1
    },
    "expression_scale": {
      "x": "_$size_ * _$sizefactor_",
      "y": "_$size_ * _$sizefactor_",
      "z": 1.0
    },
    "particle_lifetime_expression": {
      "max_lifetime": 4
    },
    "gradient_color": {
      "interpolant": "particle.age",
      "data": [
        {
          "index": 0.0,
          "color": "new Color(255, 255, 255, 255)"
        },
        {
          "index": 3.0,
          "color": "new Color(255, 255, 255, 0)"
        }
      ]
    }
  }
}
