{
  "listed": false,
  "macros": {
    "_$sizefactor_": {
      "type": "hermite",
      "input": "particle.age",
      "x": [
        0.0,
        5.0
      ],
      "y": [
        1.0,
        1.3
      ]
    }
  },
  "components": {
    "display_type": "fixed",
    "randoms": {
      "particle": 1
    },
    "flipbook_sprite": {
      "input": "particle.age",
      "sprites": [
        {
          "index": 0.0,
          "sprite": "ring.2"
        },
        {
          "index": 1.0,
          "sprite": "ring.4"
        },
        {
          "index": 2.0,
          "sprite": "ring.5"
        },
        {
          "index": 3.0,
          "sprite": "ring.6"
        }
      ]
    },
    "emitter_rate_instant": {
      "amount": 1
    },
    "expression_translation": {
      "z": 0.2
    },
    "expression_scale": {
      "x": "18 * _$sizefactor_",
      "y": "18 * _$sizefactor_",
      "z": 1
    },
    "expression_rotation": {
      "z": "particle_variable.random * Math.PI * 2 + particle.age * 0.02"
    },
    "gradient_color": {
      "interpolant": "particle.age",
      "data": [
        {
          "index": 0.0,
          "color": "emitter_variable.color"
        },
        {
          "index": 5.0,
          "color": "new Color(emitter_variable.color.red, emitter_variable.color.green, emitter_variable.color.blue, 25)"
        }
      ]
    },
    "constant_color": {
      "color": "emitter_variable.color"
    },
    "particle_lifetime_expression": {
      "max_lifetime": 5
    }
  }
}
