{
  "listed": false,
  "macros": {
    "_$sizefactor_": {
      "type": "hermite",
      "input": "particle.age",
      "x": [
        0.0,
        5.0
      ],
      "y": [
        1.0,
        2.5
      ]
    }
  },
  "components": {
    "display_type": "fixed",
    "randoms": {
      "particle": 1
    },
    "flipbook_sprite": {
      "input": "particle.age",
      "sprites": [
        {
          "index": 0.0,
          "sprite": "thick_ring.1"
        },
        {
          "index": 1.0,
          "sprite": "thick_ring.2"
        },
        {
          "index": 2.0,
          "sprite": "thick_ring.3"
        },
        {
          "index": 3.0,
          "sprite": "thick_ring.4"
        },
        {
          "index": 4.0,
          "sprite": "thick_ring.5"
        }
      ]
    },
    "emitter_rate_instant": {
      "amount": 1
    },
    "expression_translation": {
      "z": -0.1
    },
    "expression_scale": {
      "x": "6 * _$sizefactor_",
      "y": "6 * _$sizefactor_",
      "z": 1
    },
    "gradient_color": {
      "interpolant": "particle.age",
      "data": [
        {
          "index": 0.0,
          "color": "new Color(255, 255, 255, 126)"
        },
        {
          "index": 5.0,
          "color": "new Color(255, 255, 255, 25)"
        }
      ]
    },
    "expression_rotation": {
      "z": "particle_variable.random * Math.PI * 2 + particle.age * 0.02"
    },
    "constant_color": {
      "color": "emitter_variable.color"
    },
    "particle_lifetime_expression": {
      "max_lifetime": 5
    }
  }
}
